1,Stacie Padilla,XDDHZI@gmail.com,njkWszy,101
2,Gretchen Conway,itdtIjxDo@gmail.com,zpjGYB,102
3,Nolan Hyde,rnAxCfX@gmail.com,jHlfgnEKT,103
4,Jermaine Santiago,yyGzT@gmail.com,PucVDxb,104
5,Zachary Rodgers,APujL@gmail.com,tKvVXcWhFm,105
6,Jackie Mccullough,KtIKaM@gmail.com,dqFEx,106
7,Roy Hardy,azSHY@gmail.com,ixuRxwz,107
8,Branden Castaneda,xeTEsNQ@gmail.com,ZPGfm,108
9,Clint Holland,FxjzzThj@gmail.com,RoLhqvmKCN,109
10,Lakeisha Vaughn,TxtCodTfU@gmail.com,RwyuEl,110
11,Christi Steele,uUdXmrZt@gmail.com,PMaVXd,111
12,Dorothy Velazquez,FFovbI@gmail.com,WvAHNRQSG,112
13,Tiffani York,SwttY@gmail.com,OblIdXbM,113
14,Miriam Vance,ubbRHqVGJ@gmail.com,ojHbv,114
15,Nina Solis,MmJYtUO@gmail.com,KtLbb,115
16,Reginald Kelly,SBVaQH@gmail.com,kkMyEseX,116
17,Vivian Gordon,QtnWWSVtj@gmail.com,ILrGHKv,117
18,Jordan Navarro,HeBpuOTIlW@gmail.com,zCdnhPYe,118
19,Sam Coleman,hIJzgPaQ@gmail.com,YGMSMoVg,119
20,Marina Potter,eTuIXMs@gmail.com,rlkUpFLoAN,120
21,Salvador Kent,uAzlAtfv@gmail.com,cIbdlqLb,121
22,Lyndsay Norman,WMtHC@gmail.com,ueXmsrFBYs,122
23,Bryant Mathis,mDWhaS@gmail.com,wrhlZmO,123
24,Melinda Warner,OeUagl@gmail.com,lXPSNAcNTW,124
25,Walter Joyce,ihXFY@gmail.com,DsaYYKjj,125
26,Melody Bender,gEOILU@gmail.com,hGxkhDXF,126
27,Norman Franklin,avfhqIj@gmail.com,CvSWm,127
28,Josue Stephens,Yycwrrck@gmail.com,xkXKMermty,128
29,Lyndsay Blake,DeLlPe@gmail.com,zIagHARPx,129
30,Miranda Barrett,MMrjoBRNa@gmail.com,cQFkY,130
31,Nicholas Burks,YauzS@gmail.com,OEcJN,131
32,Brad West,gzdsZIpisF@gmail.com,jNZgxvd,132
33,Raven Cunningham,vcYdntO@gmail.com,HcCGUfX,133
34,Jillian Allen,lNkpLV@gmail.com,eeAgyCSWM,134
35,Christina Foster,sOtXiS@gmail.com,IQxewk,135
36,Marie Skinner,EUiolcDO@gmail.com,MfMah,136
37,Alissa Valdez,jfoPKYX@gmail.com,ottnik,137
38,Norman Perkins,mzafOS@gmail.com,wdzhBMt,138
39,Donte Villarreal,GdzMug@gmail.com,SUUUD,139
40,Billy Lott,AHXruQt@gmail.com,AKYhizgck,140
41,Derek Gilbert,JryegFdjW@gmail.com,ybXFDKf,141
42,Byron Patel,cIqYucPaFq@gmail.com,euwOD,142
43,Joanne Carroll,LlDXYKWaY@gmail.com,JhuNPwYuE,143
44,Amy Sampson,uIiQEF@gmail.com,FkdsN,144
45,Pierre Yates,RUQrPr@gmail.com,jjhac,145
46,Olivia May,RYEVWvHu@gmail.com,qEkerw,146
47,Hollie Byers,ckhAjJrteU@gmail.com,QNdeF,147
48,Leslie Atkinson,BWYEPNYrwO@gmail.com,OFpHVRW,148
49,Lillian Peterson,KlyqNN@gmail.com,lwGxc,149
50,Bridgette Best,VPltbBRHZq@gmail.com,lGGFWT,150
51,Isabel Ortiz,dCxxysjsJF@gmail.com,PTirsRIm,151
52,Ray Gonzales,GlLWEzLm@gmail.com,gdSseAj,152
53,Kristal Huff,SCpeMF@gmail.com,Vpatz,153
54,Jillian Curry,laZtGQsS@gmail.com,TnffFnsAr,154
55,Yvonne Ortiz,EuMYyi@gmail.com,cqKkMuqIh,155
56,Jacquelyn Carlson,fKFEvWegyg@gmail.com,qDZXYfw,156
57,Ann Guerrero,YhrlGyIZy@gmail.com,JrsKURDNcW,157
58,Lucia Walton,FslKO@gmail.com,qppEVOekG,158
59,Melanie Hendrix,dHDcO@gmail.com,yMQitlqL,159
60,Rocio Merrill,fJcoQ@gmail.com,voxYrwMim,160
61,Ashleigh Wooten,oIkQyTofG@gmail.com,AptUvoTi,161
62,Raymond Sutton,hQpbn@gmail.com,gCnfQ,162
63,Melissa Schroeder,AOYOvA@gmail.com,bxYGLxqgav,163
64,Eli Franklin,WMvtaPt@gmail.com,sLapvHlyL,164
65,Monique Parrish,IMCbqd@gmail.com,xJMrU,165
66,Amanda Bradley,QYyPjEglc@gmail.com,HTTUeaba,166
67,Marisela Mcbride,BOfeS@gmail.com,USQKPR,167
68,Brenton French,GnYywdTO@gmail.com,nyXLloUUx,168
69,Larry Christian,UXBjsZXV@gmail.com,tQsHuX,169
70,Heath Fitzgerald,APGJuYRTJY@gmail.com,soWeKyI,170
71,David Carver,lwfraMdY@gmail.com,oeugtvVG,171
72,Stacy Gilbert,nPxYE@gmail.com,CHbxvo,172
73,Alyson Burnett,JrBxCDx@gmail.com,QxQAcWn,173
74,Wayne Snyder,HiUZvfTfJ@gmail.com,MBwhMENQ,174
75,Nadia Potts,xvBSndA@gmail.com,YKCPZyhI,175
76,Arthur Case,OteYyMe@gmail.com,JRpTMxYzR,176
77,Karissa Pacheco,YmEHcMXf@gmail.com,TYyTlmEMf,177
78,Christy Bush,dEotudLQ@gmail.com,vGjSdInKoG,178
79,Faith Steele,QKIFXF@gmail.com,BIKxUBXvRM,179
80,Christen Thompson,waSgeb@gmail.com,uQOCPm,180
81,Philip Olson,SDgyYYGOwH@gmail.com,Gtlpl,181
82,Lauren Adkins,HWwyuqGVQ@gmail.com,IAIUjTs,182
83,Jacqueline Figueroa,hDjrvksV@gmail.com,LzEhnfOor,183
84,Darrell Melton,BToZi@gmail.com,PsBwdoek,184
85,Johanna Wise,IPCeJCjR@gmail.com,SuKFGyasU,185
86,Timothy Stevens,fLPLfoZO@gmail.com,LHaIJN,186
87,Miriam Huffman,bPfOJYrtE@gmail.com,LnPivgrjku,187
88,Johanna Young,JWHbsCN@gmail.com,fQimDAqlB,188
89,Adrienne Vinson,ccTyfevA@gmail.com,hVXBEYBdm,189
90,Christopher Pate,YhjOmlwH@gmail.com,HpzzHyxhHw,190
91,Collin Warren,aVQCap@gmail.com,iTBbM,191
92,Sarah Copeland,bdOST@gmail.com,WPQwVzP,192
93,Josiah Travis,ADekoO@gmail.com,nAoyBYdf,193
94,Terence Neal,egObCc@gmail.com,HaoZA,194
95,Dustin Malone,VspyfFae@gmail.com,RpyVYc,195
96,Shirley Bonner,jPTNrENvh@gmail.com,tXBsbWUhuO,196
97,Kassandra Manning,GwSxVc@gmail.com,DwtkA,197
98,Juan Oneal,TljHxd@gmail.com,YxBZKS,198
99,Heather Potts,qHsvuXh@gmail.com,BsJlVQte,199
100,India Richardson,HgacK@gmail.com,ZbDvyrwfm,200
