1,Pick of the Litter,Miami,EGIIXjOeU@gmail.com
2,North Shore Shelters,Saint Louis,bmwRrLzk@gmail.com
3,Guide Dogs,Tulsa,RvGrZExI@gmail.com
4,Golden Gate,Seattle,ybDePOzHbT@gmail.com
5,Posh Paws,Concord,NTFHgC@gmail.com
6,Fur the Herd,Gainesville,UIIqymYgm@gmail.com
7,Raise the Woof,Flint,EqtWp@gmail.com
8,The Lily Pad Shelter,Arvada,nSszX@gmail.com
9,True Companions,Sunrise Manor,LTOWQ@gmail.com
10,Safe Heaven,Birmingham,DtztTIKDL@gmail.com
11,Kitten Associates,Naperville,OfqteV@gmail.com
12,Yuppie Puppy,Escondido,OcKCjeL@gmail.com
13,The Paw Pack,Columbia,NvrxAFjCLy@gmail.com
14,Scruffy Fluffies,Baltimore,MsNwxCQq@gmail.com
15,Eden for Pups,Carrollton,nzynx@gmail.com
16,Scruffy Fluffies,Glendale,SvHucehwU@gmail.com
17,Guide Dogs,Erie,FBbAXztk@gmail.com
18,Beyond the Border,Mobile,KUglVpAF@gmail.com
19,Red Rover,Syracuse,mNHsuVJUZE@gmail.com
20,Who’s the Paws?,Bellevue,rSBdPtZi@gmail.com
21,Grr and Purr,Portland,YOfsjPpeA@gmail.com
22,Pristine Pups,Mobile,AqxWZXf@gmail.com
23,Furry Tales,Boise City,siVSa@gmail.com
24,World Cats Protection,Thousand Oaks,TLvZwJvK@gmail.com
25,The Fresh Paws,Miami,zmIXVPQ@gmail.com
26,Pristine Pups,Compton,ejnHu@gmail.com
27,Puppy Paws,Miami,yLZGSl@gmail.com
28,Perfect Touch Shelters,Dayton,MrLAgeQ@gmail.com
29,The Cat Network,Vallejo,XHsrWMds@gmail.com
30,Little Paws,Pittsburgh,ZSdlC@gmail.com
31,The Barkery,Dayton,ikAAyA@gmail.com
32,Wild Wagging,Santa Monica,xphYJX@gmail.com
33,Underdog Rescue,Santa Clara,KcYEz@gmail.com
34,Wags and Walks,Waterbury,mBgDtOFmd@gmail.com
35,Pawsitive Attitude,Atlanta,TkzsJ@gmail.com
36,Wags and Walks,Citrus Heights,jqwPNhxzZ@gmail.com
37,Eden for Pups,Birmingham,QUoqz@gmail.com
38,Save a Pet,Joliet,XlpHcdLMCq@gmail.com
39,Pampered Paws,Peoria,TNMBJvDjwm@gmail.com
40,Raise the Woof,Chula Vista,LJOmc@gmail.com
41,The Squirrel!,Anchorage,trecq@gmail.com
42,Special Pals,San Mateo,PDZCvg@gmail.com
43,Pooch Parlor,Albany,gGLBCJ@gmail.com
44,Guardian Angels,Aurora,oDDOD@gmail.com
45,Maw and Paw,Toledo,fTQancCWvs@gmail.com
46,True Companions,Jackson,TXtrF@gmail.com
47,Mucky Pups,Hollywood,pRhcpU@gmail.com
48,Tails of the Beast,Cary,qmpGHypqpY@gmail.com
49,Yuppie Puppy,Winston-Salem,IHNBFmJ@gmail.com
50,The Lily Pad Shelter,Lowell,jItLekwum@gmail.com
51,Guide Dogs,Newport News,wnErw@gmail.com
52,The Fresh Paws,Raleigh,LaPJEtdNn@gmail.com
53,Pets for the Elderly,Visalia,MobnD@gmail.com
54,Shear Critters,San Francisco,utrGJYYIq@gmail.com
55,Pets for the Elderly,Fairfield,qkOie@gmail.com
56,Guide Dogs,Berkeley,DpNIeJL@gmail.com
57,Posh Paws,Springfield,CwQUqmdQ@gmail.com
58,Wild Wagging,Costa Mesa,TFgGLT@gmail.com
59,Wags and Walks,Salt Lake City,DnYNQx@gmail.com
60,Pets for the Elderly,Lancaster,yEIred@gmail.com
61,Wags and Walks,Boulder,SeIrRAc@gmail.com
62,Fuzzy Wuzzy,Citrus Heights,aQmWLvHCr@gmail.com
63,North Shore Shelters,North Las Vegas,aURfKt@gmail.com
64,Of the Chain,New Orleans,YQBfRz@gmail.com
65,Pampered Paws,Bakersfield,gcSXO@gmail.com
66,True Companions,Memphis,xVKsZignos@gmail.com
67,Tails of the Beast,Knoxville,rFuAHCPHI@gmail.com
68,Save a Pet,Clearwater,aeTlXuQLp@gmail.com
69,Wags and Walks,Corpus Christi,utHSiP@gmail.com
70,Guardian Angels,Santa Rosa,mWrSRzdmvH@gmail.com
71,Special Pals,Salem,rybpVxUtwm@gmail.com
72,Thy Kingdom,Billings,SNOCyqeLg@gmail.com
73,The Squirrel!,Inglewood,MmeNlpLR@gmail.com
74,Yuppie Puppy,Orlando,zcXPnBHWQK@gmail.com
75,Puppy Paws,Miami,qgaxMIpNs@gmail.com
76,Pretty Paws,San Diego,qCClxLmHL@gmail.com
77,Pets for the Elderly,Fairfield,iHaSeFqTE@gmail.com
78,Pawing Packs,Mesa,RjwQidxjF@gmail.com
79,True Companions,Gary,bbhMx@gmail.com
80,Special Pals,Dayton,BfPEQO@gmail.com
81,Pawsitive Attitude,Torrance,dIKdaf@gmail.com
82,The Barkery,Flint,BJsFLrgb@gmail.com
83,Pawing Packs,Honolulu,dqxvnbHf@gmail.com
84,Pure Mutts,Ann Arbor,jRGZIw@gmail.com
85,Underdog Rescue,Jacksonville,iJGWc@gmail.com
86,Perfect Touch Shelters,Seattle,DGhfSKSCxh@gmail.com
87,Fuzzy Wuzzy,Charleston,weiuIITg@gmail.com
88,True Companions,Mesquite,YzPIPaqzUp@gmail.com
89,Pretty Paws,Garden Grove,KSvXZslJ@gmail.com
90,Little Paws,San Bernardino,OlwKlt@gmail.com
91,Thy Kingdom,Kansas City,HgVruA@gmail.com
92,Pampered Paws,Huntington Beach,iSzln@gmail.com
93,North Shore Shelters,Bellevue,CmYaXCRrF@gmail.com
94,Kitten Associates,Jackson,SljydQub@gmail.com
95,The Happy Wag,Allentown,vvWdRJ@gmail.com
96,Hope is On!,Lowell,stGGaJIf@gmail.com
97,Beyond the Border,Aurora,lmaxTW@gmail.com
98,Furry Tales,Birmingham,oLaCv@gmail.com
99,Who’s the Paws?,Brockton,fuBeINNJ@gmail.com
100,Little Paws,Toledo,RXitbr@gmail.com
