101,Rita Lopez,Elizabeth,xtSlrAT@gmail.com,JBrsr,1
102,Melisa Stuart,Miami,pCEXQLWhT@gmail.com,DOJxYvvw,1
103,Xavier Skinner,Newark,sydmIM@gmail.com,TYOyE,1
104,Clifton Coleman,Torrance,UqkqxmUg@gmail.com,AMXDtO,1
105,Alecia Bowers,Vallejo,aRbRYFx@gmail.com,VJzvLhetH,1
106,Erick Grant,Santa Monica,NRfBuvoQQc@gmail.com,ieyqWZ,1
107,Dominick Taylor,Abilene,lpezpP@gmail.com,WIjQAjP,1
108,Marc House,Colorado Springs,vghSKzT@gmail.com,FUrwb,1
109,Sandy Castillo,South Bend,oSfDxe@gmail.com,IBWMDJ,1
110,Christen Bates,Fremont,uoLCQ@gmail.com,jAyhRI,1
111,Lee Castaneda,Arlington,hhPnUm@gmail.com,FFsZFE,1
112,Logan Duke,Wichita,RPoSzJxMGv@gmail.com,HvSkj,1
113,Valerie Fowler,Paterson,jtqKzAmwUT@gmail.com,SfnDoDCu,1
114,Craig Vaughan,South Bend,LdUmER@gmail.com,tTmWgDe,1
115,Laura Mathis,Pomona,OqZvu@gmail.com,ltgTWS,1
116,Heidi Anderson,Pittsburgh,tugTdss@gmail.com,SbCSCR,1
117,Deanna Fisher,Buffalo,tccOEbzqJ@gmail.com,BkqiJLdE,1
118,Evan Witt,East Los Angeles,FaawmDh@gmail.com,gqBXucgBh,1
119,Rebekah James,Oceanside,FzFCGu@gmail.com,vtNtW,1
120,Chandra Case,Toledo,fOWmkcT@gmail.com,yaFjckeM,1
121,Troy Bond,Portland,SDUkwVgS@gmail.com,TulDg,1
122,Kayla Lawrence,Waco,jKbgQh@gmail.com,YYOXgNR,1
123,Sidney Baird,Lexington-Fayette,VEKMRTvC@gmail.com,ZhFLWQ,1
124,Tiffany Martin,Minneapolis,kkiInZW@gmail.com,GUeLQGqPYh,1
125,Courtney Wagner,Joliet,TNvTD@gmail.com,UrFylFqRUB,1
126,Clifton Hull,Knoxville,xGDqbIW@gmail.com,pQMwkp,1
127,Ivan Hahn,Arlington,OHldvvKn@gmail.com,hYspcIucvP,1
128,Lloyd Robertson,Mesquite,ZsVtpPY@gmail.com,keuVlIlJ,1
129,Ann Blackwell,Livonia,jMoUmzY@gmail.com,SCBkm,1
130,Eva Strong,Cleveland,kXzoOmglro@gmail.com,hsopxWN,1
131,Alfred Griffin,Orange,btNAui@gmail.com,VUrQi,1
132,Anastasia Luna,Allentown,btUDtkWD@gmail.com,uDIXAb,1
133,Justin Douglas,Carson,ZVsmrUH@gmail.com,fMxQPhge,1
134,Maureen Benson,Huntington Beach,YVvLUaY@gmail.com,RMobt,1
135,Julia James,Torrance,keKZXIYW@gmail.com,VtKcdX,1
136,Patrice Solomon,Baton Rouge,srpywcWdDu@gmail.com,UCJHssf,1
137,Alfonso Orr,Pittsburgh,uJrIuQ@gmail.com,DIHoSrNSKM,1
138,William Price,Garden Grove,LDoZV@gmail.com,OfsbgiJ,1
139,Ciara Guzman,Davenport,PCCtmi@gmail.com,aMHiI,1
140,Breanne Berry,Mission Viejo,JOPWAdK@gmail.com,BhJsona,1
141,Dana Jacobs,Greensboro,mjwbjiuck@gmail.com,nWnQSnmuWC,1
142,Chantel Rasmussen,Virginia Beach,RztblbT@gmail.com,omwXf,1
143,Carla Vangshea,Wichita,wiBzpYumx@gmail.com,DWYIXyJEee,1
144,Laurie Rice,Garland,iuEcqSZyZa@gmail.com,mixYh,1
145,Stanley West,Minneapolis,bQfFXwLJ@gmail.com,GoavOFDRF,1
146,Audra Levy,Independence,oqEHfRnsTt@gmail.com,SSkXaQ,1
147,Randi Levine,Miami,ttpIrfh@gmail.com,pjMXWkUiO,1
148,Tiara Morse,Ontario,EYmoj@gmail.com,lyBRsTewp,1
149,Joseph Peck,Louisville,knmGbEWDON@gmail.com,aETKB,1
150,Jeanette Barrera,Huntington Beach,bdQHWKPgx@gmail.com,QFtajghe,1
151,Brady Weber,Elgin,RHMZmx@gmail.com,KmuUxD,1
152,Sylvia Mckenzie,Lansing,WxuUSbwk@gmail.com,rfMdbrcZE,1
153,Robert Carpenter,West Covina,EwLTeuxMTG@gmail.com,ycqzbYM,1
154,Dennis Velazquez,Irvine,KbZvN@gmail.com,mpRSGoWL,1
155,Krystle Atkins,El Paso,NbVrWW@gmail.com,bWTezovhwU,1
156,Theresa Haynes,Pueblo,IeNds@gmail.com,FEhua,1
157,Ruby Santiago,Madison,gKMHQhYAkU@gmail.com,jAqroMmZO,1
158,Ana Page,Sioux Falls,sjOGgFy@gmail.com,QthLOUA,1
159,Ruby Macias,Visalia,AWEyVHNHSe@gmail.com,sgRWAV,1
160,Carrie Keller,Lafayette,GsYwKWNEb@gmail.com,XQxGyKx,1
161,Julie Randolph,Oxnard,fBEMAHeiJ@gmail.com,xoVMHNtG,1
162,Carlton Jensen,Downey,APmOTSvwK@gmail.com,qXsPHvX,1
163,Johnathan Holmes,Kansas City,WrxmnC@gmail.com,jEPqdnyOLN,1
164,Carla Herman,Costa Mesa,OWWIgrjx@gmail.com,NcRpXRQ,1
165,Emmanuel Mayo,Jackson,iNexjN@gmail.com,oBggitGWAn,1
166,Dale Griffin,Durham,VitYI@gmail.com,PlPGRicRpz,1
167,Irene Bullock,Lubbock,bAjAWv@gmail.com,BgOkWUhlX,1
168,Anita Kirk,Glendale,AdqGiZmec@gmail.com,TDPpjU,1
169,Elias Bond,Livonia,UHJoOcPD@gmail.com,gilfNsP,1
170,Brett Mcbride,Baltimore,PdpPfk@gmail.com,TkIyuay,1
171,Gilbert Hanson,Manchester,Khifkf@gmail.com,RgrCVyuebQ,1
172,Travis York,Oklahoma City,kPNALU@gmail.com,VXpGI,1
173,Celia Mullen,Pasadena,WhnSRcS@gmail.com,jqspVfFmq,1
174,Maxwell Campos,Paterson,TxQrcuHRKI@gmail.com,iaibNrT,1
175,Cameron Brooks,Midland,mLcOzG@gmail.com,QiwyCI,1
176,Micah Kidd,Garden Grove,bdRxRZkQmH@gmail.com,OwFxFgP,1
177,Ruby Grimes,Cleveland,jpyYdJ@gmail.com,kTkNhMcbru,1
178,Zachery Dunn,Mobile,kLkobSTp@gmail.com,pWNjpRuJX,1
179,Terry Jensen,Irvine,KhvkYes@gmail.com,OGRgc,1
180,Martha Carr,Grand Prairie,BPONfhWrj@gmail.com,lUpeWIBOe,1
181,Alexandra Cameron,Wichita Falls,wFweV@gmail.com,jYYvHwWW,1
182,Leann Goodman,New York,gsXFx@gmail.com,BBZrCKwkl,1
183,Justine Benson,Citrus Heights,rxELtS@gmail.com,cMVxuqg,1
184,Kasey Byers,Colorado Springs,kQxDH@gmail.com,KuhGQSdeCt,1
185,Cierra Irwin,Midland,iruhb@gmail.com,aXiNffaXl,1
186,Carol Nixon,Louisville,wPkVMBCK@gmail.com,csDrFRhHO,1
187,Tristan Burke,Daly City,jCmdYAIqcB@gmail.com,lMTFcbmlP,1
188,Leah Dickerson,Bridgeport,hXcOxahfC@gmail.com,KbZwppYaKW,1
189,Marilyn Short,Fort Wayne,nhisgyZ@gmail.com,jOlGUl,1
190,Devin Irwin,Augusta-Richmond County,ILcLpl@gmail.com,rrsuVqWUOq,1
191,Angie Pate,Yonkers,VgOquT@gmail.com,nSEonfUqB,1
192,Jonathan Bartlett,Henderson,qeVpoYEX@gmail.com,OXpmdWPiG,1
193,Cornelius Schroeder,Paterson,pECTzU@gmail.com,OETjQRJ,1
194,Mandi Hayden,Allentown,OwHReVNOUJ@gmail.com,JmQPrSOf,1
195,Sonya Munoz,Detroit,souLZzAgM@gmail.com,haoUSWXTq,1
196,Laurel Beard,Clarksville,FWZKaI@gmail.com,xmlbzNVZbk,1
197,Laura Gilbert,Clearwater,TmnLId@gmail.com,DfZoY,1
198,Shaun Mcdonald,Kansas City,hmiwyPPXO@gmail.com,lrvfIjkOx,1
199,Stephen Morrison,Roanoke,bwsoyMord@gmail.com,kZnMWonbph,1
200,Rhonda Underwood,Salinas,hBmSOVjIbk@gmail.com,kRNMyMSrJQ,1
201,John Smith,Grand Rapids,johnsmith@gmail.com,hello,1
