1,Brianna Chan,Garland,CSpSDke@gmail.com,QmDvnxKxnk,0
2,Hunter Leon,Warren,cxnnjFTirE@gmail.com,TvwyhY,0
3,Rickey Chase,Lowell,hNCvAt@gmail.com,JAnWOZ,0
4,Terrence French,Wichita,pEhBfZQWA@gmail.com,BFZOdBmk,0
5,Holly Mayo,Oxnard,AtYFiHZz@gmail.com,geNbTQ,0
6,Monique Obrien,Milwaukee,qsOeQSizr@gmail.com,lMdqtBAcOR,0
7,Santana Burton,Jacksonville,jcAjaCekd@gmail.com,OrJzi,0
8,Joshua England,Mesa,YnSVLmjTI@gmail.com,zNnRSvGKj,0
9,Jerrod Padilla,Springfield,fvykgv@gmail.com,RfmQHSmkWs,0
10,Marcus Howe,Oxnard,KhYCw@gmail.com,woWifhM,0
11,Annette Workman,Honolulu,zXCtg@gmail.com,DXzjKbITcL,0
12,Hilary Jarvis,Coral Springs,ZPIsimg@gmail.com,AjiAaVCcq,0
13,Juliana Kane,Colorado Springs,kNnCgHe@gmail.com,sNoMHjncp,0
14,Frances Kim,West Valley City,UjiNtNdI@gmail.com,xVktBPOyj,0
15,Eddie Norris,Coral Springs,zcxJmhK@gmail.com,whnSU,0
16,Michael Davenport,Nashville-Davidson,OGuOXHPTNs@gmail.com,PHzpHo,0
17,Joyce Lynch,Hialeah,upArIxFmRE@gmail.com,JRuPPS,0
18,Teresa Mcmahon,Tulsa,vsnOeBQxW@gmail.com,lwSbGjEaP,0
19,Jean Wilkins,Daly City,HGtVK@gmail.com,fKHCS,0
20,Christine Munoz,Stockton,VvPjkKWd@gmail.com,ZQCJvL,0
21,Abraham Riggs,North Las Vegas,YZrYGMce@gmail.com,qlWQxTSKCS,0
22,Clay Bender,Santa Clara,oflIzxcXi@gmail.com,BMNgaDG,0
23,Clint Adams,Louisville,ylGeBOQo@gmail.com,feCiHokmmn,0
24,Kendall Reese,Cape Coral,YSdcssVn@gmail.com,NGeOuc,0
25,Laura Landry,Fremont,xkYTTcqwBd@gmail.com,FXZRL,0
26,Jackie Mcclure,Carrollton,XkbRL@gmail.com,sqqvyp,0
27,Harry Anthony,Virginia Beach,jbPmhmm@gmail.com,fXeuM,0
28,Cherie Terrell,Irving,gBOnLxRBS@gmail.com,YpEjxxKSWR,0
29,Ericka Prince,Laredo,iuDcbuDtaJ@gmail.com,FyVCfYR,0
30,Jerrod Shaw,Norfolk,xlypGT@gmail.com,yDFPeMB,0
31,Molly Hensley,Manchester,JVRDH@gmail.com,eWQHVDU,0
32,Johnathan Blackburn,Providence,LkIddN@gmail.com,ugXahy,0
33,Leonard Porter,Nashville-Davidson,AmmYsZDPEg@gmail.com,SofngweLzK,0
34,Teri Vaughan,Los Angeles,Tlkqn@gmail.com,KIzAE,0
35,Jaime Cunningham,Odessa,cATnmmcGOh@gmail.com,GBWMRykOvG,0
36,Jay Pitts,Rancho Cucamonga,dwzxOZo@gmail.com,uEIKSppgG,0
37,Racheal Craft,Burbank,rcLLPOE@gmail.com,AcMZcSYcW,0
38,Elaine Sandoval,Des Moines,XeEupS@gmail.com,igeVcpOmCi,0
39,Serena Franco,Portsmouth,khRDjNb@gmail.com,UtkskxLl,0
40,Marcos Morgan,Augusta-Richmond County,hfVbzfOF@gmail.com,loBnG,0
41,Lewis Cox,Torrance,jPbhA@gmail.com,XDlZzqePrS,0
42,Darrell Ellis,Sunrise Manor,CBzlGNn@gmail.com,zVdzMw,0
43,Nathaniel Conner,Livonia,FtuEC@gmail.com,Ackvtvqr,0
44,Adrienne Lee,North Las Vegas,drkNhx@gmail.com,RGdRLzLhe,0
45,Shane Hayes,Erie,hMiosDfk@gmail.com,PxHUVuLvB,0
46,Jordan Barnett,Naperville,uwbPnyGxt@gmail.com,rDVZpjUjt,0
47,Julian Meadows,Midland,HNZXn@gmail.com,dzaCJUhq,0
48,Joseph Castaneda,West Covina,JfUwkz@gmail.com,IOszDb,0
49,Julius Noble,Norman,BlFKPi@gmail.com,KsjDY,0
50,Kristi Vaughan,Providence,brPQmCST@gmail.com,dpPExEg,0
51,Celeste Nielsen,Glendale,XfKPqevI@gmail.com,srANBS,0
52,Brian Head,Jersey City,GNxDmOnkGL@gmail.com,zeWqpkiH,0
53,Devon Barlow,Burbank,eoKIrSBV@gmail.com,zMCoqqWbIx,0
54,Rudy Juarez,Greensboro,KmjSiVB@gmail.com,BSKfDW,0
55,Antonio Alford,Evansville,SVuCU@gmail.com,txOhFCtyV,0
56,Celia Rivas,Boston,OrczQEq@gmail.com,sPmPn,0
57,Stephanie Barber,Vancouver,Soxlw@gmail.com,CExpmcc,0
58,Jennie Duke,Columbus,KJFPgM@gmail.com,VhLnvV,0
59,Kristopher Potts,Berkeley,WaAifRWtay@gmail.com,KicVe,0
60,Sam Osborne,Boulder,KlwhSbFDHe@gmail.com,dswEkgJVPK,0
61,Donna Hester,Allentown,ziBpipyjYh@gmail.com,NNrpblQY,0
62,Traci Benson,Alexandria,AMLghcJFM@gmail.com,CnQfZ,0
63,Marvin Farmer,Oceanside,QhyET@gmail.com,JqoWflH,0
64,Owen Nolan,Philadelphia,nIdtjMsYg@gmail.com,RxOtEKEJ,0
65,Sophia Mcdonald,Henderson,xnZNQg@gmail.com,ijJeoqx,0
66,Brianna Camacho,Fresno,LdhSGnFNAz@gmail.com,jnkqWsx,0
67,Charlie Shannon,Ontario,nGcBt@gmail.com,rAQgudbdP,0
68,Kelley Sharp,Pasadena,NFVjzwaNFV@gmail.com,kewFGoc,0
69,Mindy Simon,Bakersfield,cioUMV@gmail.com,MQPzmyBo,0
70,Julie Tanner,Milwaukee,ewrbz@gmail.com,wXNJoGPH,0
71,Johnny Wood,Colorado Springs,SZXUbHkfv@gmail.com,oKGIRDoht,0
72,Colleen Puckett,New Bedford,tUfzuZyMtm@gmail.com,hKdSTeOLev,0
73,Trista Sheppard,Fairfield,PZUgQI@gmail.com,gDUTbePPh,0
74,Don Hatfield,Lubbock,mECOkmK@gmail.com,EHZnZMJXg,0
75,Clifford Frye,Long Beach,haPNgmK@gmail.com,cCVnP,0
76,Stanley Whitehead,Worcester,QxuqelT@gmail.com,lDZzcmty,0
77,Rodolfo Sosa,San Mateo,ELZysNVFPE@gmail.com,VvcIgno,0
78,Tia Garcia,Lakewood,jWjOMkpTiX@gmail.com,wwUgM,0
79,Gary Abbott,Hampton,sTODjR@gmail.com,wXBvbUAtgq,0
80,Brady Keller,Oceanside,jScKe@gmail.com,xWVVGbVD,0
81,Ian Adams,Bellevue,OqhMs@gmail.com,yuBbIz,0
82,Whitney Harmon,Davenport,ZTttBYFY@gmail.com,uvIlDnmoH,0
83,Cathy Morales,West Valley City,FsTQRC@gmail.com,fLeHIfx,0
84,Kendra Booker,San Jose,WLrNW@gmail.com,fBHdyJlRIl,0
85,Todd Gilbert,Little Rock,ZQEeYwi@gmail.com,eBNXFv,0
86,Sydney Rios,Syracuse,waZSeNCY@gmail.com,dcwmApo,0
87,Cole Morales,Carrollton,OQHrGK@gmail.com,oAKuCI,0
88,Yesenia Burris,Pueblo,PevmAT@gmail.com,tJIVj,0
89,Breanne Carey,Pasadena,qsPADXpAgP@gmail.com,gNoKX,0
90,Kendrick Farmer,Green Bay,GRkhvX@gmail.com,VhoDRIG,0
91,Carly Tanner,Dayton,iCZRZLqO@gmail.com,hhPWPrmy,0
92,Kerri Witt,Springfield,CdAclyR@gmail.com,DuohsTQPPf,0
93,Darrin Matthews,Fort Lauderdale,lcKHdehpkc@gmail.com,oatGMqgUX,0
94,Dustin Bradshaw,Augusta-Richmond County,HwLosTSaoO@gmail.com,zyLZOo,0
95,Diana Horn,Anaheim,ZamZfH@gmail.com,azAmP,0
96,Shelby Payne,Sunnyvale,XxVMJx@gmail.com,BoHpwZBn,0
97,Sade Wright,Inglewood,GFoxOTDcC@gmail.com,ClAqIkhkd,0
98,Rachelle Page,Bakersfield,dlGFgHJi@gmail.com,eSLsgIe,0
99,Miranda Maxwell,Fullerton,acbbH@gmail.com,UOpjx,0
100,Matthew Giles,Corpus Christi,zcWhB@gmail.com,oqGSZOi,0
101,Caitlyn Barnett,Paradise,YFJpE@gmail.com,GSRNjFdbjB,1
102,Demarcus Jarvis,Grand Prairie,VwPxKW@gmail.com,jCYyAoU,1
103,Spencer Whitfield,Chicago,GsLTunst@gmail.com,OxzJI,1
104,Theresa Beasley,Cedar Rapids,VTJoQKvW@gmail.com,mZkPrJ,1
105,Sherry Sparks,Sterling Heights,bXeCI@gmail.com,zqfclSB,1
106,Melanie Erickson,Salinas,WaLjO@gmail.com,pkvbG,1
107,Ethan Watts,Long Beach,kTNJjq@gmail.com,ztgEsYDus,1
108,Ariana Curry,Newark,YERWzwKL@gmail.com,DkYFM,1
109,Julia Barrett,Sunrise Manor,tvlZdEK@gmail.com,VfnQn,1
110,Candace Noble,Yonkers,KndFGRbVy@gmail.com,UfXLwU,1
111,Chance Hoover,Rockford,WaFuQZRd@gmail.com,MIbvobVKI,1
112,Elaine Henry,Santa Rosa,HjEzf@gmail.com,lRcwphfq,1
113,Steve Blackwell,San Francisco,AILujEry@gmail.com,YuFqsBq,1
114,Heather Goodman,Corona,llJSTJah@gmail.com,NAqLH,1
115,Janice Kirkland,Plano,jYawyAwDp@gmail.com,LTypttgp,1
116,Lucia Walton,Beaumont,zgbdQZ@gmail.com,UwcvYd,1
117,Enrique Horton,Lubbock,phQyBDKIDf@gmail.com,msiTkZ,1
118,Natalia Allen,Columbus,emrTGr@gmail.com,lQFCcy,1
119,Tara Hebert,Columbus,LOfhwpy@gmail.com,aMHEfTVu,1
120,Elise Sexton,West Valley City,pSDzL@gmail.com,wZeiqkqjK,1
121,Shelby Buck,Carson,OhMbE@gmail.com,UERKx,1
122,Dawn Garcia,Livonia,AWtzBrw@gmail.com,eXFie,1
123,Johanna Yates,Scottsdale,jgGBidSt@gmail.com,SaOXlbbwVy,1
124,Joe Hewitt,Ontario,ZYWfZZTyPD@gmail.com,CIiiWTfa,1
125,Dawn Graham,Anaheim,QxFybG@gmail.com,csrhZjhd,1
126,Valerie Hess,Anaheim,EatRKn@gmail.com,xSAHbK,1
127,Sally Salinas,Glendale,ymVCvm@gmail.com,gwHoX,1
128,Marina Charles,Cleveland,YmnfamW@gmail.com,BCoyUzo,1
129,Ethan Marks,Cedar Rapids,TqNMiVVImf@gmail.com,LrnOVujB,1
130,Rhonda Fuentes,Kansas City,GdSpshJuv@gmail.com,iyXzYM,1
131,Colby Castro,Carrollton,MaaSzCMYD@gmail.com,qVTrU,1
132,Zachariah Short,Independence,BqQHSmOi@gmail.com,JFCWVF,1
133,Taylor Fletcher,Hartford,bbwXhd@gmail.com,DwGMA,1
134,Marissa Lara,Abilene,DZhLXyl@gmail.com,PxDtAO,1
135,Kelli Roy,Jackson,oPFOXWzKB@gmail.com,oQONxsYrO,1
136,Haley Travis,Springfield,DfsPOtcHxt@gmail.com,ByamYfMar,1
137,Alisha Keller,Los Angeles,qZYGvknQZb@gmail.com,OLrqMI,1
138,Cathy Crawford,Sandy,kqaTF@gmail.com,OVadgA,1
139,Karla Harrison,San Antonio,uIhAYXOJ@gmail.com,SPSdIV,1
140,Dominick Acosta,Carson,CkYBWgF@gmail.com,kOIHUTx,1
141,Maggie Juarez,Greensboro,bOILtQAn@gmail.com,rCygxdaJhe,1
142,Gustavo Rios,Grand Rapids,HujZa@gmail.com,EApbSIPP,1
143,Rosemary Valdez,West Covina,yzemgFfMe@gmail.com,pVWbgmWK,1
144,Franklin Fitzgerald,Denver,otyMYD@gmail.com,QeQPpnEnox,1
145,Walter Gay,San Francisco,idcSOj@gmail.com,QePdCvM,1
146,Marie Hudson,Midland,kIcMe@gmail.com,bcftD,1
147,Darlene Jensen,Portsmouth,JdRoTq@gmail.com,yceSvxh,1
148,Sherry Hale,Burbank,gbJcWjOP@gmail.com,hlJlJ,1
149,Marissa Barber,Tampa,aSlGJpDt@gmail.com,ceGxrOm,1
150,Kimberly Gay,Lancaster,qHrFW@gmail.com,NDTuRwhM,1
151,Elise Mccullough,Worcester,oWbKKxCjXW@gmail.com,hUbYovcE,1
152,Mark Guzman,Irving,XbxTRd@gmail.com,ieckqYw,1
153,Hector Kennedy,Akron,iXYqhg@gmail.com,RlhSwELiRG,1
154,Leanne Briggs,Burbank,QQyhSos@gmail.com,UOBPG,1
155,Ariel Woodard,New Bedford,kacjkrpd@gmail.com,QaMRHaie,1
156,Grace Rush,Paterson,NKxXg@gmail.com,LGUYRhhCDK,1
157,Marlon Mccormick,Oxnard,KccWemi@gmail.com,YUXsMcBI,1
158,Ryan Phelps,Irvine,lSrAAVCT@gmail.com,PaywQvOf,1
159,Traci Slater,Aurora,iEJBgZbUt@gmail.com,PxlWl,1
160,Kirsten Stewart,Chicago,wnKGjmF@gmail.com,EJSkMo,1
161,Juliana Mcdaniel,Lincoln,UnuDYWMnNV@gmail.com,RaeEMfO,1
162,Hayley Odom,Thousand Oaks,EghMy@gmail.com,EnLPyd,1
163,Marina Richmond,Shreveport,xmJgQ@gmail.com,jsrXN,1
164,Cindy Clemons,Greensboro,McDsr@gmail.com,QjppE,1
165,Ray Wilkerson,Huntington Beach,KnzvSxWm@gmail.com,VGPofvVL,1
166,Duane Oneill,East Los Angeles,IwMwBSz@gmail.com,YOiSyHQkv,1
167,Rickey Chavez,Sioux Falls,htaeMXZz@gmail.com,VtwPhCbak,1
168,Priscilla Crosby,Birmingham,vPuMUe@gmail.com,HCpBAJQpnW,1
169,Courtney Suarez,Erie,vgDWXuuq@gmail.com,SOvDfQ,1
170,Kellen Burks,Tucson,WsQUce@gmail.com,LrPiLuKRr,1
171,Janet Murphy,Mesquite,FJdAeQIHN@gmail.com,ayScNqZlfK,1
172,Francis Ratliff,Provo,psYLG@gmail.com,QAwTFWJ,1
173,Trisha Clements,Boston,DRAymGHMn@gmail.com,bvVfVKm,1
174,Ashly Blackwell,Elizabeth,OXxwwrdPQ@gmail.com,xBrlOqhlz,1
175,Christie Roberson,Gary,XHYOx@gmail.com,KXnQff,1
176,Brittney Dodson,Citrus Heights,SbBqHwDtB@gmail.com,cZFhIZCi,1
177,Meredith Peck,Hollywood,RgEJXSsNni@gmail.com,GMkwAZFRGY,1
178,Deanna Gilmore,Waco,wjaWFwIeqc@gmail.com,ZqOlobphg,1
179,Caitlyn Benton,Rancho Cucamonga,tSdTj@gmail.com,VRVeoWhxw,1
180,Tabatha Merrill,Cleveland,cstPTYvr@gmail.com,DmGwq,1
181,Rudy Jacobs,Lincoln,VvGVM@gmail.com,FVCtsoH,1
182,Tera Scott,Little Rock,anwWRFETc@gmail.com,GnHpDxOKf,1
183,Dawn Holland,Pueblo,atZKpombi@gmail.com,DKqyd,1
184,Tracie Strong,Sterling Heights,kIKjjeH@gmail.com,DZFRzBShmm,1
185,Keith Dominguez,Sunrise Manor,ungXJFA@gmail.com,PNdMHh,1
186,Cynthia Davidson,Cary,sZwBdsl@gmail.com,FkHhU,1
187,Keri Saunders,Cambridge,RkBIIy@gmail.com,RKWROvSh,1
188,Todd Joseph,Baton Rouge,ydvsVpdMxA@gmail.com,UuVmKB,1
189,Christi Salas,Springfield,QivAPjtP@gmail.com,rIuSWU,1
190,Jacqueline Maldonado,Virginia Beach,uasfukENgY@gmail.com,qvGSV,1
191,Katherine Barrera,Raleigh,ShdFHzz@gmail.com,kLxxXbJ,1
192,Tommy Giles,Carrollton,zwxHwhtx@gmail.com,EFzydX,1
193,Angelo Guerrero,Chesapeake,DsHBLfa@gmail.com,opPAY,1
194,Iris Green,Worcester,TMpKub@gmail.com,rwKQfCyAnL,1
195,Jillian Ware,Fresno,eiDqGhpVr@gmail.com,sTwkCWSndb,1
196,Matthew Sanchez,Rancho Cucamonga,VbeMjAplfH@gmail.com,XAORXSY,1
197,Nadia Vargas,Buffalo,BhXrrnXiG@gmail.com,efseHq,1
198,Tyrell Cole,Los Angeles,MNyQzPrrD@gmail.com,tyiKxE,1
199,Adriana Jarvis,Hartford,KjCFBLF@gmail.com,ZCEgPCWUv,1
200,Benjamin Hodge,Detroit,zBDUqZK@gmail.com,naTqNlYMl,1
201,John Smith,Saint Louis,johnsmith@gmail.com,hello,1
